id,firstname,lastname,age,email,score,passed
10000940,Melina,Kesley,27,Melina.Kesley@gmail.com,23.59,false
10000164,Wileen,Noam,21,Wileen.Noam@gmail.com,30.94,false
10000066,Joane,Connelly,18,Joane.Connelly@gmail.com,19.33,false
10000117,Ebonee,Ortrude,45,Ebonee.Ortrude@gmail.com,39.5,false
10000828,Kore,Prouty,45,Kore.Prouty@gmail.com,90.96,true
10000037,Coral,Damarra,33,Coral.Damarra@gmail.com,94.82,true
10000541,Netty,Jerald,19,Netty.Jerald@gmail.com,36.64,false
10000954,Margarette,Carlson,20,Margarette.Carlson@gmail.com,88.68,true
10000272,Patricia,Hanshaw,33,Patricia.Hanshaw@gmail.com,47.14,false
10000856,Aubrie,Goddard,26,Aubrie.Goddard@gmail.com,98.16,true
10000847,Chrystel,Erskine,20,Chrystel.Erskine@gmail.com,16.48,false
10000598,Chloris,Millda,33,Chloris.Millda@gmail.com,73.2,true
10000955,Michaelina,Kat,29,Michaelina.Kat@gmail.com,36.4,false
10000370,Basia,Noman,25,Basia.Noman@gmail.com,44.57,false
10000496,Phedra,Israeli,35,Phedra.Israeli@gmail.com,20.06,false
10000329,Shel,Carbo,28,Shel.Carbo@gmail.com,20.72,false
10000762,Elise,Niccolo,38,Elise.Niccolo@gmail.com,14.65,false
10000191,Chloris,Chaing,39,Chloris.Chaing@gmail.com,4.94,false
10000476,Silvana,Olin,43,Silvana.Olin@gmail.com,80.41,true
10000440,Averyl,Konyn,44,Averyl.Konyn@gmail.com,66.61,false
10000297,Joelly,Johanna,43,Joelly.Johanna@gmail.com,29.47,false
10000423,Phedra,Dielu,22,Phedra.Dielu@gmail.com,72.36,true
10000348,Jacenta,Dituri,42,Jacenta.Dituri@gmail.com,28.63,false
10000489,Helena,Stover,30,Helena.Stover@gmail.com,29.07,false
10000025,Veda,Ashely,18,Veda.Ashely@gmail.com,60.7,false
10000105,Dagmar,Malvino,23,Dagmar.Malvino@gmail.com,5.53,false
10000455,Elfreda,Croix,40,Elfreda.Croix@gmail.com,78.98,true
10000159,Kimberley,Ruvolo,45,Kimberley.Ruvolo@gmail.com,16.29,false
10000385,Viki,Leopold,28,Viki.Leopold@gmail.com,93.07,true
10000382,Elena,Prouty,33,Elena.Prouty@gmail.com,12.36,false
10000247,Tani,Bultman,20,Tani.Bultman@gmail.com,38.36,false
10000379,Edee,Stoller,23,Edee.Stoller@gmail.com,94.95,true
10000317,Jennica,Dimitris,38,Jennica.Dimitris@gmail.com,63.96,false
10000796,Vinita,Jammal,37,Vinita.Jammal@gmail.com,46.73,false
10000144,Nataline,Mullane,22,Nataline.Mullane@gmail.com,62.17,false
10000301,Karlee,Shama,36,Karlee.Shama@gmail.com,24.97,false
10000556,Danika,Krystle,35,Danika.Krystle@gmail.com,39.31,false
10000098,Daphne,Robertson,39,Daphne.Robertson@gmail.com,23.59,false
10000972,Jemie,Morgun,31,Jemie.Morgun@gmail.com,76.45,true
10000505,Giustina,Chem,42,Giustina.Chem@gmail.com,87.07,true
10000915,Kristan,Gillan,27,Kristan.Gillan@gmail.com,25.24,false
10000725,Layla,Jacobah,43,Layla.Jacobah@gmail.com,91.5,true
10000009,Madeleine,Cohdwell,27,Madeleine.Cohdwell@gmail.com,73.27,true
10000279,Miquela,Hoenack,40,Miquela.Hoenack@gmail.com,64.2,false
10000321,Sallie,Nedrud,35,Sallie.Nedrud@gmail.com,74.35,true
10000701,Clo,Vins,29,Clo.Vins@gmail.com,61.77,false
10000380,Maridel,Newell,26,Maridel.Newell@gmail.com,29.86,false
10000250,Lanae,McClimans,25,Lanae.McClimans@gmail.com,87.72,true
10000895,Jennica,Zina,20,Jennica.Zina@gmail.com,71.92,true
10000719,Phylis,Merat,21,Phylis.Merat@gmail.com,12.62,false
10000407,Candi,Gherardo,44,Candi.Gherardo@gmail.com,100.87,true
10000102,Viviene,Pandolfi,35,Viviene.Pandolfi@gmail.com,47.29,false
10000679,Noelle,Rozanna,31,Noelle.Rozanna@gmail.com,89.19,true
10000735,Carly,Obed,25,Carly.Obed@gmail.com,42.67,false
10000736,Nanete,Karna,29,Nanete.Karna@gmail.com,9.4,false
10000989,Melisent,Caitlin,33,Melisent.Caitlin@gmail.com,60.82,false
10000290,Judy,Annice,41,Judy.Annice@gmail.com,81.78,true
10000768,Valera,Letsou,34,Valera.Letsou@gmail.com,20.51,false
10000950,Ingrid,Joseph,34,Ingrid.Joseph@gmail.com,89.14,true
10000006,Bobbi,Anderea,42,Bobbi.Anderea@gmail.com,38.98,false
10000826,Karena,Waldron,39,Karena.Waldron@gmail.com,2.72,false
10000004,Alisha,Bashemeth,18,Alisha.Bashemeth@gmail.com,13.57,false
10000257,Kristina,Wittie,39,Kristina.Wittie@gmail.com,57.53,false
10000175,Riannon,Chauncey,34,Riannon.Chauncey@gmail.com,42.2,false
10000861,Catrina,Loleta,46,Catrina.Loleta@gmail.com,59.56,false
10000648,Raquela,Estella,31,Raquela.Estella@gmail.com,14.12,false
10000644,Babita,Korey,37,Babita.Korey@gmail.com,20.14,false
10000737,Antonietta,Bivins,37,Antonietta.Bivins@gmail.com,60.27,false
10000227,Zaria,Celestine,36,Zaria.Celestine@gmail.com,74.9,true
10000621,Katuscha,Valoniah,30,Katuscha.Valoniah@gmail.com,45.67,false
10000839,Ida,Kirstin,28,Ida.Kirstin@gmail.com,80.99,true
10000859,Aeriela,Bendick,27,Aeriela.Bendick@gmail.com,20.73,false
10000202,Celestyna,Fredi,46,Celestyna.Fredi@gmail.com,14.32,false
10000790,Lynde,Demitria,25,Lynde.Demitria@gmail.com,18.45,false
10000911,Gisela,Stoller,25,Gisela.Stoller@gmail.com,81.65,true
10000056,Anallese,Wiener,35,Anallese.Wiener@gmail.com,31.53,false
10000508,Oona,Germann,37,Oona.Germann@gmail.com,28.24,false
10000795,Cyndie,Lacombe,39,Cyndie.Lacombe@gmail.com,46.04,false
10000271,Claudina,Soneson,41,Claudina.Soneson@gmail.com,37.44,false
10000614,Bertine,Magdalen,45,Bertine.Magdalen@gmail.com,64.1,false
10000162,Marcy,Kronfeld,38,Marcy.Kronfeld@gmail.com,49.83,false
10000181,Charissa,Center,44,Charissa.Center@gmail.com,93.49,true
10000448,Shannah,Dowski,21,Shannah.Dowski@gmail.com,94.75,true
10000789,Brena,Decato,20,Brena.Decato@gmail.com,24.85,false
10000808,Ellette,Calhoun,18,Ellette.Calhoun@gmail.com,16.21,false
10000038,Shirlee,Raychel,19,Shirlee.Raychel@gmail.com,89.24,true
10000659,Lila,McGrody,22,Lila.McGrody@gmail.com,91.27,true
10000908,Myrtice,Mozelle,34,Myrtice.Mozelle@gmail.com,79.01,true
10000093,Ofilia,Lynn,38,Ofilia.Lynn@gmail.com,6.19,false
10000872,Cathyleen,Marsden,24,Cathyleen.Marsden@gmail.com,9.84,false
10000079,Kimmy,Alexandr,40,Kimmy.Alexandr@gmail.com,68.65,false
10000055,Basia,Anis,39,Basia.Anis@gmail.com,12.85,false
10000665,Gabriellia,Felizio,32,Gabriellia.Felizio@gmail.com,43.71,false
10000678,Tina,Bohlin,27,Tina.Bohlin@gmail.com,29.11,false
10000182,Petronia,Hortensia,23,Petronia.Hortensia@gmail.com,77.68,true
10000639,Zia,Skurnik,27,Zia.Skurnik@gmail.com,10.83,false
10000766,Oona,Pelagias,39,Oona.Pelagias@gmail.com,91.79,true
10000590,Perry,Gillan,19,Perry.Gillan@gmail.com,24.01,false
10000246,Dorothy,McClimans,40,Dorothy.McClimans@gmail.com,48.03,false
10000081,Dagmar,Shelba,25,Dagmar.Shelba@gmail.com,75.12,true
10000054,Melisent,Laverne,29,Melisent.Laverne@gmail.com,81.87,true
10000097,Aimil,Stacy,30,Aimil.Stacy@gmail.com,64.71,false
10000675,Meriel,Markman,43,Meriel.Markman@gmail.com,60.97,false
10000509,Evita,Teddman,41,Evita.Teddman@gmail.com,33.06,false
10000742,Rochette,Sallyann,32,Rochette.Sallyann@gmail.com,51.62,false
10000864,Ronna,Vastah,46,Ronna.Vastah@gmail.com,81.23,true
10000640,Lorne,Millda,36,Lorne.Millda@gmail.com,37.9,false
10000409,Kirstin,Chick,40,Kirstin.Chick@gmail.com,87.54,true
10000612,Wileen,Nicoline,33,Wileen.Nicoline@gmail.com,88.18,true
10000243,Dari,Vernier,34,Dari.Vernier@gmail.com,12.73,false
10000559,Fredericka,Taima,36,Fredericka.Taima@gmail.com,15.75,false
10000711,Cissiee,Dyche,25,Cissiee.Dyche@gmail.com,63.36,false
10000360,Selma,Florina,24,Selma.Florina@gmail.com,58.11,false
10000761,Corina,Tryck,20,Corina.Tryck@gmail.com,73.96,true
10000583,Annabela,Belldas,36,Annabela.Belldas@gmail.com,73.41,true
10000958,Rori,Burch,26,Rori.Burch@gmail.com,53.67,false
10000829,Valli,Louanna,19,Valli.Louanna@gmail.com,28.62,false
10000386,Christal,Woodberry,34,Christal.Woodberry@gmail.com,93.23,true
10000905,Marsiella,Jacqui,23,Marsiella.Jacqui@gmail.com,47.35,false
10000827,Daphne,Bertold,41,Daphne.Bertold@gmail.com,11.35,false
10000652,Deedee,Jerald,41,Deedee.Jerald@gmail.com,94.82,true
10000759,Ruthe,Hubert,27,Ruthe.Hubert@gmail.com,80.19,true
10000129,Darlleen,Bobbee,45,Darlleen.Bobbee@gmail.com,33.88,false
10000151,Sandie,Screens,19,Sandie.Screens@gmail.com,26.65,false
10000904,Tersina,Guildroy,23,Tersina.Guildroy@gmail.com,5.06,false
10000468,Keelia,Pozzy,35,Keelia.Pozzy@gmail.com,20.13,false
10000734,Drucie,Campball,26,Drucie.Campball@gmail.com,42.71,false
10000616,Lindie,Fontana,27,Lindie.Fontana@gmail.com,99.84,true
10000994,Marnia,Tiffa,35,Marnia.Tiffa@gmail.com,8.81,false
10000982,Daune,Nea,33,Daune.Nea@gmail.com,2.52,false
10000375,Annabela,Docilla,31,Annabela.Docilla@gmail.com,93.54,true
10000510,Veda,Olnee,29,Veda.Olnee@gmail.com,77.86,true
10000942,Minne,Sherrie,33,Minne.Sherrie@gmail.com,4.6,false
10000758,Selia,Shields,25,Selia.Shields@gmail.com,27.2,false
10000023,Daune,Morrill,31,Daune.Morrill@gmail.com,7.9,false
10000565,Jillayne,Crudden,44,Jillayne.Crudden@gmail.com,25.59,false
10000726,Malina,Podvin,38,Malina.Podvin@gmail.com,34.77,false
10000010,Fernande,Yerkovich,24,Fernande.Yerkovich@gmail.com,52.63,false
10000628,Meriel,Gordon,33,Meriel.Gordon@gmail.com,5.75,false
10000186,Maisey,Maurine,42,Maisey.Maurine@gmail.com,56.59,false
10000244,Odessa,Kenney,40,Odessa.Kenney@gmail.com,88.49,true
10000047,Georgetta,Tippets,35,Georgetta.Tippets@gmail.com,68.02,false
10000860,Tomasina,Bartlett,21,Tomasina.Bartlett@gmail.com,10.38,false
10000046,Babita,Rona,27,Babita.Rona@gmail.com,2.11,false
10000078,Trudie,Verger,46,Trudie.Verger@gmail.com,82.23,true
10000294,Jemie,Adrienne,35,Jemie.Adrienne@gmail.com,96.98,true
10000251,Betta,Syd,44,Betta.Syd@gmail.com,6.97,false
10000034,Caressa,Travax,24,Caressa.Travax@gmail.com,28.98,false
10000685,Noelle,Solitta,19,Noelle.Solitta@gmail.com,91.11,true
10000641,Delilah,Marcellus,35,Delilah.Marcellus@gmail.com,72.99,true
10000888,Micheline,Dulciana,21,Micheline.Dulciana@gmail.com,91.52,true
10000680,Nannie,Sophronia,43,Nannie.Sophronia@gmail.com,27.17,false
10000822,Sissy,Newell,35,Sissy.Newell@gmail.com,72.4,true
10000996,Christy,Neva,40,Christy.Neva@gmail.com,73.51,true
10000384,Aigneis,Presber,40,Aigneis.Presber@gmail.com,16.62,false
10000223,Ketti,Mata,20,Ketti.Mata@gmail.com,5.75,false
10000542,Annora,Camden,27,Annora.Camden@gmail.com,100.61,true
10000060,Gratia,O'Rourke,42,Gratia.O'Rourke@gmail.com,83.92,true
10000241,Emylee,Stoller,33,Emylee.Stoller@gmail.com,78.86,true
10000361,Jordan,Tayib,44,Jordan.Tayib@gmail.com,5.87,false
10000651,Candy,Korey,43,Candy.Korey@gmail.com,30.44,false
10000067,Gavrielle,Cloris,31,Gavrielle.Cloris@gmail.com,76.74,true
10000141,Genovera,Jehu,28,Genovera.Jehu@gmail.com,59.03,false
10000471,Sallie,Carey,40,Sallie.Carey@gmail.com,54.98,false
10000964,Gisela,Brian,40,Gisela.Brian@gmail.com,18.35,false
10000335,Gusty,Alva,34,Gusty.Alva@gmail.com,100.5,true
10000453,Dolli,Greyson,33,Dolli.Greyson@gmail.com,34.02,false
10000939,Arlina,Tayib,26,Arlina.Tayib@gmail.com,73.87,true
10000615,Cissiee,Dalli,22,Cissiee.Dalli@gmail.com,55.91,false
10000364,Karena,Neva,31,Karena.Neva@gmail.com,20.04,false
10000869,Leeanne,Lareena,25,Leeanne.Lareena@gmail.com,78.43,true
10000481,Diena,Posner,27,Diena.Posner@gmail.com,47.88,false
10000851,Ezmeralda,Schalles,31,Ezmeralda.Schalles@gmail.com,58.04,false
10000887,Brana,Johanna,33,Brana.Johanna@gmail.com,74.66,true
10000769,Ilse,Klotz,41,Ilse.Klotz@gmail.com,24.09,false
10000574,Corene,Atcliffe,34,Corene.Atcliffe@gmail.com,26,false
10000593,Rhoda,Kazimir,34,Rhoda.Kazimir@gmail.com,83.1,true
10000714,Verla,Wallis,34,Verla.Wallis@gmail.com,98.11,true
10000801,Augustine,Marijo,22,Augustine.Marijo@gmail.com,83.28,true
10000051,Averyl,Read,20,Averyl.Read@gmail.com,69.96,false
10000534,Wendi,Saunderson,25,Wendi.Saunderson@gmail.com,98.74,true
10000627,Dotty,Goode,28,Dotty.Goode@gmail.com,9.35,false
10000748,Micheline,Matthew,35,Micheline.Matthew@gmail.com,3.83,false
10000906,Kirbee,Strephon,30,Kirbee.Strephon@gmail.com,93.35,true
10000867,Kylynn,Holbrook,20,Kylynn.Holbrook@gmail.com,89.96,true
10000573,Kaja,Claudine,22,Kaja.Claudine@gmail.com,74.35,true
10000990,Gilda,Danby,37,Gilda.Danby@gmail.com,43.03,false
10000372,Dotty,Rad,24,Dotty.Rad@gmail.com,23.91,false
10000699,Aimil,Rillings,23,Aimil.Rillings@gmail.com,90.89,true
10000837,Meghann,Sibyls,30,Meghann.Sibyls@gmail.com,24.42,false
10000028,Susette,Maples,34,Susette.Maples@gmail.com,87.74,true
10000703,Maurene,Newell,35,Maurene.Newell@gmail.com,41.26,false
10000823,Cissiee,Lail,22,Cissiee.Lail@gmail.com,94.61,true
10000794,Frieda,Gahl,29,Frieda.Gahl@gmail.com,43.12,false
10000717,Dorthy,Gibbeon,33,Dorthy.Gibbeon@gmail.com,85,true
10000961,Jackie,Erskine,35,Jackie.Erskine@gmail.com,25.34,false
10000413,Clo,Mauer,28,Clo.Mauer@gmail.com,23.28,false
10000437,Mahalia,Ilka,29,Mahalia.Ilka@gmail.com,5.07,false
10000708,Ronna,Seessel,25,Ronna.Seessel@gmail.com,43.74,false
10000447,Mallory,Clywd,34,Mallory.Clywd@gmail.com,16.52,false
10000022,Sonni,Braun,21,Sonni.Braun@gmail.com,74.33,true
10000519,Lyssa,Wilona,34,Lyssa.Wilona@gmail.com,30.75,false
10000457,Mignon,Grayce,34,Mignon.Grayce@gmail.com,46.32,false
10000214,Peri,Libna,42,Peri.Libna@gmail.com,87.51,true
10000969,Verla,Susannah,44,Verla.Susannah@gmail.com,58.75,false
10000306,Meghann,Atonsah,45,Meghann.Atonsah@gmail.com,8.7,false
10000157,Sabina,Lail,18,Sabina.Lail@gmail.com,99.46,true
10000351,Cordi,Lay,18,Cordi.Lay@gmail.com,20.12,false
10000115,Winifred,Honoria,44,Winifred.Honoria@gmail.com,50.55,false
10000167,Odessa,Miru,22,Odessa.Miru@gmail.com,50.44,false
10000267,Audrie,Sholley,27,Audrie.Sholley@gmail.com,58.66,false
10000381,Dulce,Philoo,38,Dulce.Philoo@gmail.com,90.61,true
10000531,Raf,Bultman,22,Raf.Bultman@gmail.com,14.01,false
10000168,Katharina,Sherfield,22,Katharina.Sherfield@gmail.com,63.55,false
10000832,Carly,Raul,39,Carly.Raul@gmail.com,37.96,false
10000276,Christal,Center,34,Christal.Center@gmail.com,10.41,false
10000292,Marika,Bevin,39,Marika.Bevin@gmail.com,50.05,false
10000355,Nickie,Myrilla,36,Nickie.Myrilla@gmail.com,83.63,true
10000339,Harrietta,Oscar,45,Harrietta.Oscar@gmail.com,11.88,false
10000784,Linzy,Sothena,45,Linzy.Sothena@gmail.com,13.48,false
10000007,Alexine,Kaete,45,Alexine.Kaete@gmail.com,31.83,false
10000040,Briney,Izaak,37,Briney.Izaak@gmail.com,28.59,false
10000231,Eadie,Autrey,26,Eadie.Autrey@gmail.com,100.92,true
10000932,Jaclyn,Matthew,28,Jaclyn.Matthew@gmail.com,17.37,false
10000991,Gwenneth,Ezar,18,Gwenneth.Ezar@gmail.com,86.41,true
10000549,Sibella,Arvo,32,Sibella.Arvo@gmail.com,40.96,false
10000841,Zia,Lalitta,39,Zia.Lalitta@gmail.com,25.03,false
10000787,Marsiella,Sekofski,30,Marsiella.Sekofski@gmail.com,89.81,true
10000065,Jere,Loeb,28,Jere.Loeb@gmail.com,72.28,true
10000153,Pollyanna,Malanie,35,Pollyanna.Malanie@gmail.com,73.57,true
10000760,Delilah,Gahl,46,Delilah.Gahl@gmail.com,31.53,false
10000522,Laure,Jethro,24,Laure.Jethro@gmail.com,23.38,false
10000763,Tierney,Natica,44,Tierney.Natica@gmail.com,78.58,true
10000152,Wynne,Wu,35,Wynne.Wu@gmail.com,83.69,true
10000035,Lory,Garlinda,46,Lory.Garlinda@gmail.com,81.25,true
10000924,Hallie,Screens,36,Hallie.Screens@gmail.com,82.14,true
10000684,Peri,Lalitta,30,Peri.Lalitta@gmail.com,29.2,false
10000690,Ida,Seumas,27,Ida.Seumas@gmail.com,82.26,true
10000514,Allyce,Himelman,19,Allyce.Himelman@gmail.com,29.57,false
10000387,Steffane,Joni,20,Steffane.Joni@gmail.com,75.89,true
10000415,Selia,Kolnick,40,Selia.Kolnick@gmail.com,95.13,true
10000041,Babita,Kesley,36,Babita.Kesley@gmail.com,4.38,false
10000238,Roberta,Gower,20,Roberta.Gower@gmail.com,53.68,false
10000313,Claresta,Pulsifer,21,Claresta.Pulsifer@gmail.com,74.08,true
10000818,Dominga,Nunci,36,Dominga.Nunci@gmail.com,58.97,false
10000619,Evita,Billye,21,Evita.Billye@gmail.com,91.28,true
10000807,Margette,Vastah,32,Margette.Vastah@gmail.com,8.98,false
10000410,Zaria,Harriman,30,Zaria.Harriman@gmail.com,50.67,false
10000205,Mathilda,Casimir,32,Mathilda.Casimir@gmail.com,88.45,true
10000976,Elfreda,Rozanna,39,Elfreda.Rozanna@gmail.com,77.21,true
10000000,Christal,Bivins,28,Christal.Bivins@gmail.com,49.66,false
10000406,Janey,Anderea,34,Janey.Anderea@gmail.com,69.82,false
10000715,Chrystel,Bendick,24,Chrystel.Bendick@gmail.com,85.41,true
10000974,Bee,Teryn,46,Bee.Teryn@gmail.com,74.9,true
10000564,Adore,Erb,44,Adore.Erb@gmail.com,4.3,false
10000076,Misha,Emmaline,19,Misha.Emmaline@gmail.com,38.99,false
10000253,Maud,Noam,18,Maud.Noam@gmail.com,12.59,false
10000392,Silvana,Henrie,25,Silvana.Henrie@gmail.com,94.62,true
10000570,Tressa,Stilwell,31,Tressa.Stilwell@gmail.com,84.72,true
10000695,Flo,Cottle,43,Flo.Cottle@gmail.com,45.03,false
10000797,Wynne,Bearnard,42,Wynne.Bearnard@gmail.com,70.88,true
10000478,Christal,Darrell,31,Christal.Darrell@gmail.com,55.39,false
10000472,Marleah,Olnee,41,Marleah.Olnee@gmail.com,14.9,false
10000840,Dulcinea,Fabiola,27,Dulcinea.Fabiola@gmail.com,57.96,false
10000538,Tilly,Colleen,28,Tilly.Colleen@gmail.com,34.06,false
10000667,Kerrin,Dalli,24,Kerrin.Dalli@gmail.com,64.13,false
10000068,Tilly,Hessler,24,Tilly.Hessler@gmail.com,31.26,false
10000179,Dotty,Prouty,31,Dotty.Prouty@gmail.com,14.92,false
10000722,Roz,Mozelle,41,Roz.Mozelle@gmail.com,43.97,false
10000177,Isa,Pascia,30,Isa.Pascia@gmail.com,39.02,false
10000873,Mignon,Santoro,27,Mignon.Santoro@gmail.com,70.83,true
10000086,Ilse,Sekofski,23,Ilse.Sekofski@gmail.com,92.06,true
10000401,Nessie,Hachmin,27,Nessie.Hachmin@gmail.com,15.13,false
10000371,June,Schwejda,19,June.Schwejda@gmail.com,19.56,false
10000287,Brena,Ortrude,24,Brena.Ortrude@gmail.com,10.17,false
10000189,Loree,Loring,37,Loree.Loring@gmail.com,13.59,false
10000402,Roseline,Garbe,44,Roseline.Garbe@gmail.com,71.85,true
10000791,Laurene,Zeeba,37,Laurene.Zeeba@gmail.com,59.73,false
10000064,Marylou,Wooster,46,Marylou.Wooster@gmail.com,61.22,false
10000772,Giustina,Scammon,40,Giustina.Scammon@gmail.com,5.07,false
10000148,Margette,Nedrud,22,Margette.Nedrud@gmail.com,57.33,false
10000992,Kary,Seumas,29,Kary.Seumas@gmail.com,20.12,false
10000623,Fina,Macey,34,Fina.Macey@gmail.com,66.33,false
10000626,Mady,Boehike,38,Mady.Boehike@gmail.com,51.64,false
10000804,Ricky,Orelee,34,Ricky.Orelee@gmail.com,89.38,true
10000988,Allis,Sparhawk,41,Allis.Sparhawk@gmail.com,32.55,false
10000985,Gabi,Even,22,Gabi.Even@gmail.com,52.27,false
10000265,Heida,Kussell,31,Heida.Kussell@gmail.com,79.93,true
10000234,Nadine,Maroney,21,Nadine.Maroney@gmail.com,1.7,false
10000307,Dennie,Teddman,32,Dennie.Teddman@gmail.com,38.54,false
10000957,Karly,Nelsen,32,Karly.Nelsen@gmail.com,58.35,false
10000858,Wilma,Hylan,22,Wilma.Hylan@gmail.com,29.48,false
10000788,Jerry,Even,31,Jerry.Even@gmail.com,67.66,false
10000417,Gabriellia,Lowry,29,Gabriellia.Lowry@gmail.com,52.13,false
10000696,Frank,Jena,31,Frank.Jena@gmail.com,82.5,true
10000232,Lolita,Grayce,35,Lolita.Grayce@gmail.com,26.45,false
10000343,Mildrid,Lay,34,Mildrid.Lay@gmail.com,82.32,true
10000326,Danny,Crudden,28,Danny.Crudden@gmail.com,96.21,true
10000937,Claudina,Colp,24,Claudina.Colp@gmail.com,89.25,true
10000563,Tina,Bury,39,Tina.Bury@gmail.com,64.44,false
10000050,Rhea,Dahlia,39,Rhea.Dahlia@gmail.com,78.53,true
10000810,Krystle,Greyson,37,Krystle.Greyson@gmail.com,97.16,true
10000393,Fanny,Judye,35,Fanny.Judye@gmail.com,89.65,true
10000438,Aigneis,Philipp,19,Aigneis.Philipp@gmail.com,74.03,true
10000956,Rosaline,Ardra,46,Rosaline.Ardra@gmail.com,10.2,false
10000091,Nerta,Kesley,18,Nerta.Kesley@gmail.com,94.26,true
10000876,Tani,Kendrick,45,Tani.Kendrick@gmail.com,57.63,false
10000015,Brana,Cutlerr,22,Brana.Cutlerr@gmail.com,99.79,true
10000145,Joeann,Rudolph,20,Joeann.Rudolph@gmail.com,19.62,false
10000655,Kenna,Jorgan,44,Kenna.Jorgan@gmail.com,91.63,true
10000185,Emilia,Brotherson,44,Emilia.Brotherson@gmail.com,11.43,false
10000498,Selma,Darbie,21,Selma.Darbie@gmail.com,27.44,false
10000838,Beth,Kress,33,Beth.Kress@gmail.com,36.89,false
10000963,Collen,Anastatius,37,Collen.Anastatius@gmail.com,48.22,false
10000971,Ellette,Ferino,24,Ellette.Ferino@gmail.com,53.82,false
10000893,Vanessa,Hoban,29,Vanessa.Hoban@gmail.com,32.84,false
10000723,Willetta,Ezar,36,Willetta.Ezar@gmail.com,15.84,false
10000032,Kial,Tiffa,45,Kial.Tiffa@gmail.com,50.63,false
10000724,Edith,Stelle,40,Edith.Stelle@gmail.com,96.78,true
10000782,Estell,Wareing,45,Estell.Wareing@gmail.com,98.86,true
10000236,Lucy,Wenda,43,Lucy.Wenda@gmail.com,43.35,false
10000230,Sindee,Loring,23,Sindee.Loring@gmail.com,75.09,true
10000775,Alejandra,Xerxes,31,Alejandra.Xerxes@gmail.com,90.8,true
10000439,Mahalia,Dimitris,36,Mahalia.Dimitris@gmail.com,17.19,false
10000403,Shirlee,Fairweather,33,Shirlee.Fairweather@gmail.com,72.08,true
10000629,Claresta,Ellord,46,Claresta.Ellord@gmail.com,27.41,false
10000454,Eadie,Fillbert,32,Eadie.Fillbert@gmail.com,32.17,false
10000174,Feliza,Joli,31,Feliza.Joli@gmail.com,40.06,false
10000647,Kore,Koziara,33,Kore.Koziara@gmail.com,48.1,false
10000632,Tobe,Arne,31,Tobe.Arne@gmail.com,83.83,true
10000975,Therine,Crudden,35,Therine.Crudden@gmail.com,45.34,false
10000747,Elsie,Merriott,33,Elsie.Merriott@gmail.com,21.74,false
10000816,Aaren,Horan,30,Aaren.Horan@gmail.com,79.58,true
10000662,Alisha,Nore,23,Alisha.Nore@gmail.com,64.31,false
10000278,Dorthy,Levey,38,Dorthy.Levey@gmail.com,76.55,true
10000220,Andree,Esmaria,37,Andree.Esmaria@gmail.com,95.97,true
10000154,Selia,Izaak,39,Selia.Izaak@gmail.com,44.8,false
10000880,Neila,Carbo,37,Neila.Carbo@gmail.com,72.35,true
10000383,Konstance,Clara,35,Konstance.Clara@gmail.com,34.15,false
10000445,Arabel,Publia,34,Arabel.Publia@gmail.com,5.53,false
10000211,Augustine,Ball,41,Augustine.Ball@gmail.com,100.89,true
10000190,Keelia,Ariella,41,Keelia.Ariella@gmail.com,58.84,false
10000879,Cristine,Koziara,18,Cristine.Koziara@gmail.com,35.29,false
10000331,Jenda,Campball,45,Jenda.Campball@gmail.com,22.44,false
10000910,Valera,Baptlsta,33,Valera.Baptlsta@gmail.com,40.87,false
10000630,Natka,Clara,30,Natka.Clara@gmail.com,69.99,false
10000356,Audrie,Urias,45,Audrie.Urias@gmail.com,16.11,false
10000188,Phedra,Earlie,39,Phedra.Earlie@gmail.com,67.13,false
10000377,Adele,Lorain,36,Adele.Lorain@gmail.com,27.72,false
10000116,Gale,Rosemary,18,Gale.Rosemary@gmail.com,95.21,true
10000654,Mureil,Honoria,18,Mureil.Honoria@gmail.com,6.66,false
10000866,Lelah,Emmy,35,Lelah.Emmy@gmail.com,2.77,false
10000049,Melina,Pip,29,Melina.Pip@gmail.com,98.26,true
10000936,Hope,Bendick,32,Hope.Bendick@gmail.com,11.08,false
10000499,Tersina,Rugen,26,Tersina.Rugen@gmail.com,55.46,false
10000469,Eve,Audly,31,Eve.Audly@gmail.com,67.28,false
10000927,Dominga,Gunn,35,Dominga.Gunn@gmail.com,54.7,false
10000507,Gerianna,Henrie,35,Gerianna.Henrie@gmail.com,73.46,true
10000778,Constance,Cath,46,Constance.Cath@gmail.com,85.27,true
10000235,Nyssa,Niles,29,Nyssa.Niles@gmail.com,71.37,true
10000532,Konstance,Simmonds,43,Konstance.Simmonds@gmail.com,11.95,false
10000754,Paulita,Juliet,38,Paulita.Juliet@gmail.com,28.38,false
10000635,Kary,Carvey,26,Kary.Carvey@gmail.com,32.07,false
10000085,Adore,Kelula,45,Adore.Kelula@gmail.com,66.73,false
10000997,Ebonee,Calhoun,45,Ebonee.Calhoun@gmail.com,21.85,false
10000891,Shaine,Genna,38,Shaine.Genna@gmail.com,52.28,false
10000821,Helsa,Arquit,41,Helsa.Arquit@gmail.com,10.34,false
10000543,Hettie,Raul,37,Hettie.Raul@gmail.com,56.3,false
10000516,Mignon,Wilkinson,34,Mignon.Wilkinson@gmail.com,94.85,true
10000716,Kylynn,Grayce,33,Kylynn.Grayce@gmail.com,63.05,false
10000610,Gilda,Azeria,38,Gilda.Azeria@gmail.com,49.73,false
10000187,Penelopa,Nickola,21,Penelopa.Nickola@gmail.com,81.92,true
10000258,Inga,Emmaline,35,Inga.Emmaline@gmail.com,86.19,true
10000875,Tersina,Wolfgram,23,Tersina.Wolfgram@gmail.com,90.67,true
10000107,Jennica,Nikaniki,30,Jennica.Nikaniki@gmail.com,50.16,false
10000617,Vita,Orlene,45,Vita.Orlene@gmail.com,4.15,false
10000780,Yetty,Blisse,34,Yetty.Blisse@gmail.com,48.08,false
10000935,Kara-Lynn,Graig,43,Kara-Lynn.Graig@gmail.com,56.53,false
10000486,Lorenza,Curren,29,Lorenza.Curren@gmail.com,6.17,false
10000139,Bee,Gino,25,Bee.Gino@gmail.com,32.44,false
10000430,Roberta,Jarib,18,Roberta.Jarib@gmail.com,46.32,false
10000003,Letizia,Teddman,26,Letizia.Teddman@gmail.com,62.95,false
10000721,Ileana,Calhoun,35,Ileana.Calhoun@gmail.com,59.55,false
10000970,Ezmeralda,Sekofski,31,Ezmeralda.Sekofski@gmail.com,1.96,false
10000503,Candi,Toni,41,Candi.Toni@gmail.com,65.92,false
10000450,Cherilyn,Carvey,44,Cherilyn.Carvey@gmail.com,96.36,true
10000697,Sindee,Azeria,45,Sindee.Azeria@gmail.com,53.44,false
10000446,Viki,Melleta,32,Viki.Melleta@gmail.com,49.47,false
10000984,Luci,Ovid,37,Luci.Ovid@gmail.com,72.96,true
10000502,Sonni,Edmund,33,Sonni.Edmund@gmail.com,2.96,false
10000368,Kittie,Cullin,35,Kittie.Cullin@gmail.com,40.28,false
10000204,Krystle,Candy,39,Krystle.Candy@gmail.com,89.41,true
10000913,Celisse,Cosenza,21,Celisse.Cosenza@gmail.com,20.37,false
10000192,Tobe,Standing,37,Tobe.Standing@gmail.com,41.01,false
10000484,Ericka,Hoenack,23,Ericka.Hoenack@gmail.com,34.01,false
10000704,Hollie,Malanie,39,Hollie.Malanie@gmail.com,79.53,true
10000408,Cacilie,Greyson,24,Cacilie.Greyson@gmail.com,95.33,true
10000309,Jordan,Fry,36,Jordan.Fry@gmail.com,20.68,false
10000357,Gaylene,Ivens,27,Gaylene.Ivens@gmail.com,98.19,true
10000670,Kara-Lynn,Hylan,26,Kara-Lynn.Hylan@gmail.com,69.79,false
10000069,Estell,Burkle,26,Estell.Burkle@gmail.com,17.53,false
10000824,Cyb,Carlson,28,Cyb.Carlson@gmail.com,10.53,false
10000523,Atlanta,Chandler,23,Atlanta.Chandler@gmail.com,32.34,false
10000099,Gusty,Brandice,42,Gusty.Brandice@gmail.com,15.99,false
10000771,Kerrin,Verger,26,Kerrin.Verger@gmail.com,8.06,false
10000270,Leona,Viddah,43,Leona.Viddah@gmail.com,71.04,true
10000896,Evita,Lowry,32,Evita.Lowry@gmail.com,11.63,false
10000625,Sheree,Jerald,24,Sheree.Jerald@gmail.com,53.92,false
10000416,Kelly,Gert,33,Kelly.Gert@gmail.com,6.8,false
10000577,Candi,Codding,34,Candi.Codding@gmail.com,24.05,false
10000197,Meg,Leler,21,Meg.Leler@gmail.com,75.5,true
10000569,Quintina,Wenoa,18,Quintina.Wenoa@gmail.com,50.29,false
10000133,Averyl,Giff,29,Averyl.Giff@gmail.com,60.86,false
10000812,Cacilie,Fry,20,Cacilie.Fry@gmail.com,27.7,false
10000660,Ursulina,Louanna,23,Ursulina.Louanna@gmail.com,6.91,false
10000521,Louella,Odysseus,25,Louella.Odysseus@gmail.com,22.4,false
10000256,Gerrie,Glenden,27,Gerrie.Glenden@gmail.com,96.26,true
10000178,Valera,Geffner,42,Valera.Geffner@gmail.com,27.74,false
10000043,Marita,Emmaline,36,Marita.Emmaline@gmail.com,76.42,true
10000944,Karina,Ardeha,26,Karina.Ardeha@gmail.com,13.92,false
10000938,Amara,Sheng,20,Amara.Sheng@gmail.com,87.01,true
10000785,Lonnie,Hunfredo,35,Lonnie.Hunfredo@gmail.com,95.28,true
10000995,Candy,Halla,25,Candy.Halla@gmail.com,71.95,true
10000668,Marti,Cecile,37,Marti.Cecile@gmail.com,48.35,false
10000130,Georgetta,Rozanna,22,Georgetta.Rozanna@gmail.com,60.88,false
10000213,Ilse,Nelsen,42,Ilse.Nelsen@gmail.com,39.7,false
10000633,Julieta,Goldina,42,Julieta.Goldina@gmail.com,25.98,false
10000207,Kittie,Gusella,22,Kittie.Gusella@gmail.com,6.24,false
10000712,Deedee,Baylor,32,Deedee.Baylor@gmail.com,80.2,true
10000199,Claudina,Ezar,31,Claudina.Ezar@gmail.com,98.42,true
10000602,Oona,Read,42,Oona.Read@gmail.com,54.25,false
10000741,Talya,Egbert,30,Talya.Egbert@gmail.com,1.83,false
10000638,Sandie,Kress,32,Sandie.Kress@gmail.com,9.11,false
10000118,Livvyy,Alcott,21,Livvyy.Alcott@gmail.com,62.97,false
10000813,Kamilah,Scammon,18,Kamilah.Scammon@gmail.com,35.18,false
10000311,Babita,Flita,20,Babita.Flita@gmail.com,42.39,false
10000558,Ermengarde,Erb,41,Ermengarde.Erb@gmail.com,96.4,true
10000124,Roslyn,Turne,38,Roslyn.Turne@gmail.com,28.52,false
10000548,Isa,Lattie,34,Isa.Lattie@gmail.com,33.24,false
10000026,Judy,Means,46,Judy.Means@gmail.com,78.07,true
10000082,Ebonee,Karl,43,Ebonee.Karl@gmail.com,89.49,true
10000854,Janeczka,Diogenes,40,Janeczka.Diogenes@gmail.com,67.56,false
10000462,Susette,Bow,21,Susette.Bow@gmail.com,70.26,true
10000561,Brooks,Brian,43,Brooks.Brian@gmail.com,22.61,false
10000611,Sam,Terencio,41,Sam.Terencio@gmail.com,42.79,false
10000527,Debee,Teddman,38,Debee.Teddman@gmail.com,21.17,false
10000061,Emilia,Liebermann,25,Emilia.Liebermann@gmail.com,22.78,false
10000170,Nananne,Tybald,40,Nananne.Tybald@gmail.com,73.71,true
10000239,Elyssa,Rese,46,Elyssa.Rese@gmail.com,75.97,true
10000212,Carly,Gert,28,Carly.Gert@gmail.com,41.2,false
10000599,Britte,Erminia,28,Britte.Erminia@gmail.com,12.03,false
10000497,Agnese,Gahl,37,Agnese.Gahl@gmail.com,87.44,true
10000330,Shannah,Bashemeth,23,Shannah.Bashemeth@gmail.com,67.06,false
10000397,Kimberley,Tjon,24,Kimberley.Tjon@gmail.com,93.89,true
10000562,Inga,Redmond,32,Inga.Redmond@gmail.com,22.95,false
10000132,Gabi,Orpah,18,Gabi.Orpah@gmail.com,43.4,false
10000967,Netty,Ephrem,27,Netty.Ephrem@gmail.com,72.56,true
10000092,Lanna,Glovsky,45,Lanna.Glovsky@gmail.com,9.38,false
10000376,Lila,Sprage,19,Lila.Sprage@gmail.com,26.52,false
10000718,Karlee,Emmy,33,Karlee.Emmy@gmail.com,20.06,false
10000262,Lily,Hamil,20,Lily.Hamil@gmail.com,4.45,false
10000288,Blake,Neva,43,Blake.Neva@gmail.com,78.19,true
10000857,Alex,Mozelle,37,Alex.Mozelle@gmail.com,56.8,false
10000398,Raf,Goth,25,Raf.Goth@gmail.com,19.68,false
10000649,Joy,Brodench,45,Joy.Brodench@gmail.com,47.44,false
10000693,Layla,Kamaria,35,Layla.Kamaria@gmail.com,18.12,false
10000378,Desirae,Hanleigh,32,Desirae.Hanleigh@gmail.com,42.34,false
10000452,Helena,Lutero,32,Helena.Lutero@gmail.com,28.85,false
10000087,Amara,Clywd,20,Amara.Clywd@gmail.com,82.82,true
10000587,Liana,Minetta,37,Liana.Minetta@gmail.com,34.51,false
10000140,Kalina,Anselmi,28,Kalina.Anselmi@gmail.com,43.83,false
10000945,Karina,Bach,24,Karina.Bach@gmail.com,16.43,false
10000365,Sharai,Cottle,24,Sharai.Cottle@gmail.com,94.31,true
10000882,Trudie,Carlson,37,Trudie.Carlson@gmail.com,15.19,false
10000533,Valli,Justinn,20,Valli.Justinn@gmail.com,9.58,false
10000042,Alleen,Prouty,38,Alleen.Prouty@gmail.com,36.15,false
10000947,Fernande,Berne,45,Fernande.Berne@gmail.com,2.16,false
10000033,Fina,McGrody,19,Fina.McGrody@gmail.com,43.37,false
10000582,Deane,McLaughlin,45,Deane.McLaughlin@gmail.com,20.24,false
10000501,Elora,Magdalen,20,Elora.Magdalen@gmail.com,54.41,false
10000333,Wileen,Hutchison,43,Wileen.Hutchison@gmail.com,65.01,false
10000594,Eve,Gusella,23,Eve.Gusella@gmail.com,31.46,false
10000650,Alameda,Schenck,24,Alameda.Schenck@gmail.com,66.05,false
10000441,Amii,Nedrud,30,Amii.Nedrud@gmail.com,11.29,false
10000405,Dotty,Cristi,19,Dotty.Cristi@gmail.com,45.55,false
10000338,Jasmina,Gusella,21,Jasmina.Gusella@gmail.com,3.71,false
10000131,Taffy,Karylin,22,Taffy.Karylin@gmail.com,46.91,false
10000843,Alejandra,Yuille,31,Alejandra.Yuille@gmail.com,7.96,false
10000255,Dyann,Levey,19,Dyann.Levey@gmail.com,52.72,false
10000431,Aigneis,Daegal,27,Aigneis.Daegal@gmail.com,49.3,false
10000203,Gratia,Levey,21,Gratia.Levey@gmail.com,47.07,false
10000074,Carmencita,Anestassia,45,Carmencita.Anestassia@gmail.com,9.96,false
10000325,Doralynne,Eben,30,Doralynne.Eben@gmail.com,76.16,true
10000106,Briney,Letsou,41,Briney.Letsou@gmail.com,51.6,false
10000727,Lynde,Rona,25,Lynde.Rona@gmail.com,77.95,true
10000083,Averyl,Sacken,29,Averyl.Sacken@gmail.com,43.08,false
10000987,Katleen,Cookie,41,Katleen.Cookie@gmail.com,36.91,false
10000147,Trudie,Goode,36,Trudie.Goode@gmail.com,63.33,false
10000198,Xylina,Evangelia,43,Xylina.Evangelia@gmail.com,20.2,false
10000592,Jasmina,Darbie,23,Jasmina.Darbie@gmail.com,86.66,true
10000411,Carmencita,Frodi,34,Carmencita.Frodi@gmail.com,65.43,false
10000002,Lenna,Thomasina,42,Lenna.Thomasina@gmail.com,32.41,false
10000814,Ketti,Hazlett,29,Ketti.Hazlett@gmail.com,97.91,true
10000669,Annice,Juan,36,Annice.Juan@gmail.com,71.54,true
10000571,Andree,Fleeta,25,Andree.Fleeta@gmail.com,74.41,true
10000544,Fernande,Daniele,27,Fernande.Daniele@gmail.com,30.89,false
10000433,Hermione,Craggie,33,Hermione.Craggie@gmail.com,46.15,false
10000683,Joeann,Tomasina,38,Joeann.Tomasina@gmail.com,43.73,false
10000636,Kylynn,Glovsky,39,Kylynn.Glovsky@gmail.com,32.32,false
10000024,Cassondra,Quinn,26,Cassondra.Quinn@gmail.com,66.69,false
10000900,Allis,Ortrude,44,Allis.Ortrude@gmail.com,53.79,false
10000245,Dagmar,Flyn,34,Dagmar.Flyn@gmail.com,95.51,true
10000530,Di,Ciro,22,Di.Ciro@gmail.com,24.19,false
10000158,Linzy,Felecia,18,Linzy.Felecia@gmail.com,16.9,false
10000104,Lilith,Lissi,27,Lilith.Lissi@gmail.com,85.85,true
10000108,Nita,Lenny,45,Nita.Lenny@gmail.com,60.63,false
10000418,Gloria,Baptlsta,20,Gloria.Baptlsta@gmail.com,49.95,false
10000156,Wynne,Nedrud,24,Wynne.Nedrud@gmail.com,18.28,false
10000088,Gavrielle,Saint,42,Gavrielle.Saint@gmail.com,50.82,false
10000805,Kristina,Verger,44,Kristina.Verger@gmail.com,60.91,false
10000597,Tersina,Bandeen,29,Tersina.Bandeen@gmail.com,3.69,false
10000757,Mathilda,Hillel,23,Mathilda.Hillel@gmail.com,51.69,false
10000075,Lucille,Mitzi,45,Lucille.Mitzi@gmail.com,84.9,true
10000817,Orsola,Weitman,29,Orsola.Weitman@gmail.com,1.64,false
10000645,Evita,Thunell,45,Evita.Thunell@gmail.com,44.12,false
10000852,Starla,Camden,29,Starla.Camden@gmail.com,12.45,false
10000114,Jorry,Adlare,46,Jorry.Adlare@gmail.com,64.56,false
10000312,Augustine,Fancie,23,Augustine.Fancie@gmail.com,9.89,false
10000928,Kylynn,Swanhildas,20,Kylynn.Swanhildas@gmail.com,38,false
10000045,Laure,Havens,37,Laure.Havens@gmail.com,90.99,true
10000706,Chandra,Darian,35,Chandra.Darian@gmail.com,91.88,true
10000427,Emylee,Zitvaa,44,Emylee.Zitvaa@gmail.com,57.02,false
10000228,Cherilyn,Donoghue,30,Cherilyn.Donoghue@gmail.com,27.9,false
10000739,Kassey,Abbot,30,Kassey.Abbot@gmail.com,75.43,true
10000613,Lauryn,Riordan,28,Lauryn.Riordan@gmail.com,92.97,true
10000520,Hyacinthe,Soneson,32,Hyacinthe.Soneson@gmail.com,15.85,false
10000485,Kellen,Ralfston,46,Kellen.Ralfston@gmail.com,40.43,false
10000535,Kirstin,Reneta,20,Kirstin.Reneta@gmail.com,72.97,true
10000319,Rhoda,Gilmour,40,Rhoda.Gilmour@gmail.com,94.26,true
10000304,Tatiania,Ailyn,23,Tatiania.Ailyn@gmail.com,7.43,false
10000442,Fredericka,Bethany,32,Fredericka.Bethany@gmail.com,58.64,false
10000160,Sharlene,Tiffa,27,Sharlene.Tiffa@gmail.com,73.06,true
10000456,Nariko,Himelman,45,Nariko.Himelman@gmail.com,87.15,true
10000694,Berget,Esmaria,36,Berget.Esmaria@gmail.com,95.07,true
10000586,Steffane,Nester,36,Steffane.Nester@gmail.com,13.57,false
10000432,Micheline,Carlson,23,Micheline.Carlson@gmail.com,80.54,true
10000553,Britni,Bonucci,41,Britni.Bonucci@gmail.com,53.96,false
10000090,Clarice,Karna,44,Clarice.Karna@gmail.com,27.11,false
10000713,Linzy,Carmena,23,Linzy.Carmena@gmail.com,27.58,false
10000931,Carilyn,Maxi,40,Carilyn.Maxi@gmail.com,38.08,false
10000618,Shaine,Thilda,21,Shaine.Thilda@gmail.com,54.57,false
10000323,Britni,Garlinda,42,Britni.Garlinda@gmail.com,54.88,false
10000337,Gavrielle,Garrison,21,Gavrielle.Garrison@gmail.com,32.96,false
10000512,Myrtice,Carolin,23,Myrtice.Carolin@gmail.com,3.39,false
10000738,Bettine,Reinke,39,Bettine.Reinke@gmail.com,27.99,false
10000027,Amelia,Korey,46,Amelia.Korey@gmail.com,7.39,false
10000923,Ardys,Joseph,37,Ardys.Joseph@gmail.com,94.81,true
10000730,Kirbee,Ortrude,36,Kirbee.Ortrude@gmail.com,30.32,false
10000676,Gwyneth,Billye,26,Gwyneth.Billye@gmail.com,3.58,false
10000001,Cyb,Carvey,20,Cyb.Carvey@gmail.com,40.97,false
10000492,Maridel,Chinua,41,Maridel.Chinua@gmail.com,52.44,false
10000420,Deirdre,Peti,30,Deirdre.Peti@gmail.com,89.28,true
10000126,Cyndie,Dosia,36,Cyndie.Dosia@gmail.com,64.83,false
10000315,Chere,Connelly,19,Chere.Connelly@gmail.com,23.05,false
10000458,Lindie,Stephie,25,Lindie.Stephie@gmail.com,69.97,false
10000529,Georgetta,Hedve,20,Georgetta.Hedve@gmail.com,22.16,false
10000579,Addia,Dex,41,Addia.Dex@gmail.com,71.47,true
10000687,Asia,Silvan,43,Asia.Silvan@gmail.com,90.3,true
10000396,Helena,Hedve,24,Helena.Hedve@gmail.com,37.26,false
10000302,Linzy,Pascia,23,Linzy.Pascia@gmail.com,21.51,false
10000917,Lizzie,Avi,25,Lizzie.Avi@gmail.com,79.38,true
10000095,Evaleen,Dearborn,44,Evaleen.Dearborn@gmail.com,10.67,false
10000591,Tarra,Halla,46,Tarra.Halla@gmail.com,6.57,false
10000195,Gratia,Middleton,23,Gratia.Middleton@gmail.com,43.3,false
10000314,Karolina,Stover,32,Karolina.Stover@gmail.com,51.4,false
10000930,Rosene,Ingra,27,Rosene.Ingra@gmail.com,10.36,false
10000965,Rozele,Shelba,36,Rozele.Shelba@gmail.com,51.16,false
10000435,Britni,Yoko,45,Britni.Yoko@gmail.com,53.5,false
10000691,Rori,Lewes,23,Rori.Lewes@gmail.com,44.5,false
10000395,Chastity,Duwalt,31,Chastity.Duwalt@gmail.com,54.51,false
10000128,Morganica,Dreda,29,Morganica.Dreda@gmail.com,11.77,false
10000848,Briney,Urania,23,Briney.Urania@gmail.com,83.4,true
10000281,Anallese,Boehike,36,Anallese.Boehike@gmail.com,17.14,false
10000806,Rhoda,Toni,33,Rhoda.Toni@gmail.com,78.83,true
10000284,Rozele,Ruvolo,45,Rozele.Ruvolo@gmail.com,98.14,true
10000275,Mamie,Llovera,40,Mamie.Llovera@gmail.com,46.84,false
10000672,Trixi,Boycey,42,Trixi.Boycey@gmail.com,55.75,false
10000855,Katuscha,Doig,25,Katuscha.Doig@gmail.com,65.39,false
10000674,Madeleine,Vorster,40,Madeleine.Vorster@gmail.com,56.79,false
10000546,Dorthy,Weaks,32,Dorthy.Weaks@gmail.com,36.18,false
10000404,Sherrie,Carlson,26,Sherrie.Carlson@gmail.com,50.71,false
10000909,Susan,Naor,20,Susan.Naor@gmail.com,3.08,false
10000925,Gabi,Cleo,32,Gabi.Cleo@gmail.com,28.68,false
10000941,Jeanna,Drus,46,Jeanna.Drus@gmail.com,88.89,true
10000229,Merci,Shaver,22,Merci.Shaver@gmail.com,41.33,false
10000765,Roslyn,Stoller,29,Roslyn.Stoller@gmail.com,11.15,false
10000487,Catrina,Lewes,40,Catrina.Lewes@gmail.com,36.09,false
10000998,Shandie,Kirbee,38,Shandie.Kirbee@gmail.com,44.23,false
10000470,Hildegaard,Truc,31,Hildegaard.Truc@gmail.com,7.85,false
10000263,Luci,Merat,45,Luci.Merat@gmail.com,77.4,true
10000224,Sandie,Brian,36,Sandie.Brian@gmail.com,24.15,false
10000100,Phylis,McNully,26,Phylis.McNully@gmail.com,20.58,false
10000359,Darlleen,Sinegold,35,Darlleen.Sinegold@gmail.com,10.7,false
10000161,Evaleen,Sholley,38,Evaleen.Sholley@gmail.com,64.97,false
10000946,Karly,Hebner,29,Karly.Hebner@gmail.com,70.4,true
10000914,Corina,Magdalen,38,Corina.Magdalen@gmail.com,55.97,false
10000482,Helsa,Beniamino,40,Helsa.Beniamino@gmail.com,11.87,false
10000777,Aubrie,Nisbet,18,Aubrie.Nisbet@gmail.com,63.26,false
10000560,Larine,Kiyoshi,40,Larine.Kiyoshi@gmail.com,22.54,false
10000567,Anestassia,Letsou,23,Anestassia.Letsou@gmail.com,84.4,true
10000819,Cam,Pierette,35,Cam.Pierette@gmail.com,8.89,false
10000193,Abbie,Kamaria,21,Abbie.Kamaria@gmail.com,99.39,true
10000634,Lynnea,Wattenberg,21,Lynnea.Wattenberg@gmail.com,77.19,true
10000303,Nyssa,Parsaye,32,Nyssa.Parsaye@gmail.com,37.77,false
10000008,Sybille,Campball,34,Sybille.Campball@gmail.com,38.84,false
10000962,Paulita,Wolfgram,25,Paulita.Wolfgram@gmail.com,62.48,false
10000019,Marsiella,Warthman,24,Marsiella.Warthman@gmail.com,8.38,false
10000620,Anestassia,Raychel,37,Anestassia.Raychel@gmail.com,47.81,false
10000811,Lynde,Cookie,31,Lynde.Cookie@gmail.com,96.2,true
10000184,Ezmeralda,Mauer,46,Ezmeralda.Mauer@gmail.com,25.08,false
10000773,Gwenneth,Lilybelle,39,Gwenneth.Lilybelle@gmail.com,27.24,false
10000295,Penelopa,Saint,18,Penelopa.Saint@gmail.com,60.4,false
10000943,Kaia,Kristi,42,Kaia.Kristi@gmail.com,1.84,false
10000666,Concettina,Stevy,46,Concettina.Stevy@gmail.com,95.13,true
10000751,Yvonne,Wenda,23,Yvonne.Wenda@gmail.com,74.48,true
10000700,Cherrita,Clara,33,Cherrita.Clara@gmail.com,86.87,true
10000414,Brena,Primalia,20,Brena.Primalia@gmail.com,95.17,true
10000260,Delilah,Seagraves,42,Delilah.Seagraves@gmail.com,4.63,false
10000572,Keelia,Wu,34,Keelia.Wu@gmail.com,37.1,false
10000606,Ann-Marie,Oster,34,Ann-Marie.Oster@gmail.com,48.04,false
10000059,Lorie,Sikorski,46,Lorie.Sikorski@gmail.com,47.49,false
10000058,Dagmar,Cutlerr,38,Dagmar.Cutlerr@gmail.com,62.23,false
10000419,Margarette,Macey,29,Margarette.Macey@gmail.com,74.7,true
10000057,Zondra,Dearborn,33,Zondra.Dearborn@gmail.com,58.23,false
10000171,Madalyn,Constancy,39,Madalyn.Constancy@gmail.com,67.28,false
10000664,Leona,Chrystel,42,Leona.Chrystel@gmail.com,21.82,false
10000134,Katharina,Fitzsimmons,20,Katharina.Fitzsimmons@gmail.com,71.55,true
10000391,Emylee,Center,21,Emylee.Center@gmail.com,4.33,false
10000111,Mellicent,Drisko,40,Mellicent.Drisko@gmail.com,78.32,true
10000491,Ida,Bobbee,32,Ida.Bobbee@gmail.com,24.67,false
10000016,Shannah,Madelene,18,Shannah.Madelene@gmail.com,10.13,false
10000733,Orsola,Philipp,34,Orsola.Philipp@gmail.com,46.72,false
10000240,Lisette,Salvidor,23,Lisette.Salvidor@gmail.com,8.29,false
10000863,Tierney,Donoghue,40,Tierney.Donoghue@gmail.com,16.01,false
10000656,Orsola,Goode,18,Orsola.Goode@gmail.com,2.26,false
10000248,Belva,Margret,32,Belva.Margret@gmail.com,61.14,false
10000800,Madalyn,Georgy,34,Madalyn.Georgy@gmail.com,18.22,false
10000705,Joane,Ball,27,Joane.Ball@gmail.com,22.32,false
10000525,Courtnay,Obed,23,Courtnay.Obed@gmail.com,24.67,false
10000422,Dotty,Bari,31,Dotty.Bari@gmail.com,58.11,false
10000803,Ermengarde,Loring,31,Ermengarde.Loring@gmail.com,37.34,false
10000919,Cristine,Lewes,29,Cristine.Lewes@gmail.com,27.15,false
10000451,Margalo,Carbo,32,Margalo.Carbo@gmail.com,90.91,true
10000143,Mureil,Fiann,44,Mureil.Fiann@gmail.com,89.95,true
10000513,Rubie,Evvie,20,Rubie.Evvie@gmail.com,40.3,false
10000877,Mireielle,Middleton,26,Mireielle.Middleton@gmail.com,20.79,false
10000850,Cristine,Latini,36,Cristine.Latini@gmail.com,78.19,true
10000226,Wanda,Carvey,24,Wanda.Carvey@gmail.com,9.76,false
10000254,Angela,Vacuva,41,Angela.Vacuva@gmail.com,28.18,false
10000101,Allyce,Palocz,38,Allyce.Palocz@gmail.com,4.96,false
10000183,Brietta,Euridice,44,Brietta.Euridice@gmail.com,55.35,false
10000609,Caryl,Taam,35,Caryl.Taam@gmail.com,62.11,false
10000740,Sidoney,Markman,42,Sidoney.Markman@gmail.com,28.7,false
10000506,Delilah,Kristi,45,Delilah.Kristi@gmail.com,90.13,true
10000646,Kalina,Zenas,39,Kalina.Zenas@gmail.com,86.54,true
10000756,Ronna,Maples,40,Ronna.Maples@gmail.com,68.32,false
10000720,Adriana,Gino,34,Adriana.Gino@gmail.com,13.16,false
10000799,Jackie,Garbe,24,Jackie.Garbe@gmail.com,14.19,false
10000103,Jackie,Germann,25,Jackie.Germann@gmail.com,31.16,false
10000578,Ada,Wind,28,Ada.Wind@gmail.com,52.93,false
10000429,Karly,Lumbard,37,Karly.Lumbard@gmail.com,86.6,true
10000999,Nickie,Gemini,32,Nickie.Gemini@gmail.com,62.07,false
10000424,Rosene,Rosalba,18,Rosene.Rosalba@gmail.com,89.6,true
10000349,Correy,Vilma,42,Correy.Vilma@gmail.com,29.5,false
10000428,Roxane,Land,36,Roxane.Land@gmail.com,99.83,true
10000029,Kalina,Charmine,22,Kalina.Charmine@gmail.com,13.47,false
10000269,Yolane,Jarib,44,Yolane.Jarib@gmail.com,49.68,false
10000217,Olivette,Henebry,23,Olivette.Henebry@gmail.com,33.88,false
10000511,Dorene,Stacy,33,Dorene.Stacy@gmail.com,77.77,true
10000444,Nannie,Argus,23,Nannie.Argus@gmail.com,89.52,true
10000017,Emelina,Pyle,31,Emelina.Pyle@gmail.com,93.28,true
10000589,Deane,Honoria,19,Deane.Honoria@gmail.com,30.51,false
10000201,Viki,Cath,25,Viki.Cath@gmail.com,84.37,true
10000488,Lindie,Blake,44,Lindie.Blake@gmail.com,83.74,true
10000012,Ellette,Earlie,45,Ellette.Earlie@gmail.com,4.44,false
10000296,Fayre,McAdams,30,Fayre.McAdams@gmail.com,66.55,false
10000039,Kristina,Docilla,21,Kristina.Docilla@gmail.com,52.63,false
10000568,Xylina,Kravits,19,Xylina.Kravits@gmail.com,38.41,false
10000770,Asia,Decato,46,Asia.Decato@gmail.com,26.52,false
10000308,Lauryn,Hilbert,22,Lauryn.Hilbert@gmail.com,57.1,false
10000464,Tori,Prouty,38,Tori.Prouty@gmail.com,43.73,false
10000922,Hollie,Isidore,35,Hollie.Isidore@gmail.com,79.14,true
10000903,Lila,Thomasina,23,Lila.Thomasina@gmail.com,42.69,false
10000320,Heida,Koehler,34,Heida.Koehler@gmail.com,17.32,false
10000266,Tamqrah,Jena,30,Tamqrah.Jena@gmail.com,61.51,false
10000731,Ann-Marie,Thad,18,Ann-Marie.Thad@gmail.com,58.11,false
10000473,Gale,Lareena,36,Gale.Lareena@gmail.com,48.7,false
10000918,Nickie,Christal,21,Nickie.Christal@gmail.com,3.18,false
10000605,Ilse,Kunin,36,Ilse.Kunin@gmail.com,77.33,true
10000993,Collen,Septima,18,Collen.Septima@gmail.com,14.35,false
10000584,Sam,Kaja,44,Sam.Kaja@gmail.com,45.76,false
10000953,Krystle,Killigrew,18,Krystle.Killigrew@gmail.com,26.75,false
10000833,Heddie,Montgomery,44,Heddie.Montgomery@gmail.com,73.45,true
10000575,Gerrie,Reinke,33,Gerrie.Reinke@gmail.com,69.73,false
10000786,Tierney,Dielu,18,Tierney.Dielu@gmail.com,95.36,true
10000070,Rubie,August,23,Rubie.August@gmail.com,4.58,false
10000949,Elfreda,Mandler,19,Elfreda.Mandler@gmail.com,2.03,false
10000980,Jany,O'Rourke,40,Jany.O'Rourke@gmail.com,72.48,true
10000200,Susan,Kendrick,41,Susan.Kendrick@gmail.com,23.02,false
10000460,Rori,Pandolfi,24,Rori.Pandolfi@gmail.com,60.18,false
10000280,Margarette,Cristi,43,Margarette.Cristi@gmail.com,80.04,true
10000374,Demetris,Stacy,34,Demetris.Stacy@gmail.com,59.04,false
10000792,Dode,Margret,33,Dode.Margret@gmail.com,97.1,true
10000977,Marylou,Paine,22,Marylou.Paine@gmail.com,51.47,false
10000504,Noelle,Merriott,40,Noelle.Merriott@gmail.com,4.41,false
10000249,Nessie,Margret,31,Nessie.Margret@gmail.com,54.93,false
10000063,Theodora,Mich,33,Theodora.Mich@gmail.com,12.46,false
10000809,Dione,Holbrook,21,Dione.Holbrook@gmail.com,84.49,true
10000073,June,Rolf,24,June.Rolf@gmail.com,52.47,false
10000779,Marjie,Mich,24,Marjie.Mich@gmail.com,4.24,false
10000283,Mara,Wind,18,Mara.Wind@gmail.com,48.37,false
10000566,Basia,Old,37,Basia.Old@gmail.com,92.96,true
10000878,Sharai,Stefa,19,Sharai.Stefa@gmail.com,59.73,false
10000916,Lexine,Fosque,20,Lexine.Fosque@gmail.com,39.62,false
10000774,Carolina,Hylan,45,Carolina.Hylan@gmail.com,91.49,true
10000080,Micheline,Diogenes,23,Micheline.Diogenes@gmail.com,42.25,false
10000781,Gusella,Thad,37,Gusella.Thad@gmail.com,71.97,true
10000071,Cherilyn,Yate,43,Cherilyn.Yate@gmail.com,10.05,false
10000849,Beverley,Gualtiero,39,Beverley.Gualtiero@gmail.com,33.83,false
10000094,Clary,Anis,25,Clary.Anis@gmail.com,91.62,true
10000539,Hettie,Timon,39,Hettie.Timon@gmail.com,68.22,false
10000218,Marguerite,Willie,23,Marguerite.Willie@gmail.com,24.27,false
10000112,Kamilah,Ludewig,39,Kamilah.Ludewig@gmail.com,26.61,false
10000862,Karly,Jacobah,35,Karly.Jacobah@gmail.com,81.94,true
10000336,Linet,Jacinda,23,Linet.Jacinda@gmail.com,97.99,true
10000291,Gianina,Wiener,29,Gianina.Wiener@gmail.com,30.57,false
10000237,Dulcinea,Schonfeld,18,Dulcinea.Schonfeld@gmail.com,20.87,false
10000576,Pamella,Bennie,42,Pamella.Bennie@gmail.com,64.88,false
10000622,Marnia,Kermit,19,Marnia.Kermit@gmail.com,68.36,false
10000264,Annora,Salvidor,38,Annora.Salvidor@gmail.com,35.15,false
10000653,Tilly,Bendick,38,Tilly.Bendick@gmail.com,66.06,false
10000657,Chickie,Laurianne,43,Chickie.Laurianne@gmail.com,79.49,true
10000135,Violet,Gunn,28,Violet.Gunn@gmail.com,64.72,false
10000692,Perry,Sallyann,45,Perry.Sallyann@gmail.com,79.87,true
10000494,Delilah,Chabot,20,Delilah.Chabot@gmail.com,18.18,false
10000206,Anallese,Destinee,27,Anallese.Destinee@gmail.com,5.98,false
10000550,Rubie,Nester,30,Rubie.Nester@gmail.com,68.93,false
10000219,Kathi,Munn,27,Kathi.Munn@gmail.com,28.36,false
10000842,Nessie,Garek,20,Nessie.Garek@gmail.com,25.76,false
10000310,Corene,Margret,20,Corene.Margret@gmail.com,87.98,true
10000341,Wynne,Kalinda,21,Wynne.Kalinda@gmail.com,74.34,true
10000673,Pamella,Cohdwell,25,Pamella.Cohdwell@gmail.com,89.94,true
10000146,Brana,Abram,43,Brana.Abram@gmail.com,8,false
10000902,Molli,Maiah,41,Molli.Maiah@gmail.com,61.25,false
10000277,Joleen,Sawtelle,35,Joleen.Sawtelle@gmail.com,12.79,false
10000084,Kenna,Drus,43,Kenna.Drus@gmail.com,7.96,false
10000870,Marsiella,Olnee,38,Marsiella.Olnee@gmail.com,28.7,false
10000480,Jennica,Rozanna,44,Jennica.Rozanna@gmail.com,50.8,false
10000490,Danny,Norvol,37,Danny.Norvol@gmail.com,81.6,true
10000261,Amara,Chrystel,22,Amara.Chrystel@gmail.com,98.11,true
10000221,Fernande,Sekofski,40,Fernande.Sekofski@gmail.com,94.99,true
10000500,Verla,Linehan,43,Verla.Linehan@gmail.com,74.49,true
10000608,Lyssa,Lissi,40,Lyssa.Lissi@gmail.com,10.76,false
10000624,Roslyn,Rolf,24,Roslyn.Rolf@gmail.com,36.93,false
10000052,Brana,Vernier,36,Brana.Vernier@gmail.com,8.33,false
10000344,Jany,Giule,20,Jany.Giule@gmail.com,77.11,true
10000208,Olivette,Shaver,35,Olivette.Shaver@gmail.com,58.67,false
10000844,Tersina,Quent,45,Tersina.Quent@gmail.com,52.69,false
10000874,Dania,Borrell,20,Dania.Borrell@gmail.com,47.8,false
10000014,Hollie,Lucienne,33,Hollie.Lucienne@gmail.com,1.05,false
10000347,Daryl,Slifka,41,Daryl.Slifka@gmail.com,37.54,false
10000537,Alia,Cavan,28,Alia.Cavan@gmail.com,87.83,true
10000089,Di,Ricarda,35,Di.Ricarda@gmail.com,47.55,false
10000743,Ada,Diogenes,41,Ada.Diogenes@gmail.com,58.87,false
10000210,Carolina,Cutlerr,31,Carolina.Cutlerr@gmail.com,7.86,false
10000681,Angela,Khorma,34,Angela.Khorma@gmail.com,99.66,true
10000268,Alia,Vale,46,Alia.Vale@gmail.com,2.95,false
10000125,Rayna,Weinreb,33,Rayna.Weinreb@gmail.com,56.02,false
10000316,Joane,Salvidor,41,Joane.Salvidor@gmail.com,9.84,false
10000868,Dulce,Zamora,26,Dulce.Zamora@gmail.com,23.19,false
10000466,Trixi,Bahr,18,Trixi.Bahr@gmail.com,38.57,false
10000048,Chloris,Stoller,37,Chloris.Stoller@gmail.com,36.93,false
10000062,Tina,Anastatius,44,Tina.Anastatius@gmail.com,100.47,true
10000072,Kore,Payson,37,Kore.Payson@gmail.com,36.53,false
10000892,Dotty,Mitzi,22,Dotty.Mitzi@gmail.com,21.03,false
10000298,Adelle,Erich,22,Adelle.Erich@gmail.com,53.6,false
10000830,Monika,Pettiford,26,Monika.Pettiford@gmail.com,15.65,false
10000702,Mignon,Charity,25,Mignon.Charity@gmail.com,70.35,true
10000890,Ginnie,Margret,36,Ginnie.Margret@gmail.com,75.07,true
10000166,Thalia,Magnolia,46,Thalia.Magnolia@gmail.com,79.97,true
10000021,Elvira,Boehike,39,Elvira.Boehike@gmail.com,36.02,false
10000425,Hayley,Melleta,25,Hayley.Melleta@gmail.com,32.51,false
10000894,Isa,Merna,28,Isa.Merna@gmail.com,67.34,false
10000926,Carmela,Imelida,22,Carmela.Imelida@gmail.com,17.25,false
10000783,Damaris,Middleton,31,Damaris.Middleton@gmail.com,57.99,false
10000495,Rosabelle,Damarra,46,Rosabelle.Damarra@gmail.com,55.37,false
10000109,Eugine,Turne,33,Eugine.Turne@gmail.com,8.58,false
10000366,Cyb,Goerke,23,Cyb.Goerke@gmail.com,31.67,false
10000150,Fredericka,Hilbert,33,Fredericka.Hilbert@gmail.com,27.55,false
10000282,Amara,Quent,23,Amara.Quent@gmail.com,76.29,true
10000030,Andeee,Tacye,26,Andeee.Tacye@gmail.com,43.11,false
10000959,Ana,Niccolo,28,Ana.Niccolo@gmail.com,88.99,true
10000793,Cindelyn,Tremayne,28,Cindelyn.Tremayne@gmail.com,67.38,false
10000172,Sindee,Martguerita,32,Sindee.Martguerita@gmail.com,77.28,true
10000225,Nannie,Quent,41,Nannie.Quent@gmail.com,91.14,true
10000285,Kassey,Philipp,23,Kassey.Philipp@gmail.com,96.81,true
10000332,Deedee,Hertzfeld,18,Deedee.Hertzfeld@gmail.com,28.61,false
10000180,Cherilyn,Huggins,31,Cherilyn.Huggins@gmail.com,85.17,true
10000515,Ursulina,Hourigan,35,Ursulina.Hourigan@gmail.com,37.95,false
10000767,Orsola,Germann,39,Orsola.Germann@gmail.com,24.42,false
10000750,Giustina,Rosette,27,Giustina.Rosette@gmail.com,89.91,true
10000637,Cassondra,Burch,21,Cassondra.Burch@gmail.com,6.66,false
10000853,Mady,Bebe,45,Mady.Bebe@gmail.com,63.21,false
10000883,Marti,Burnside,30,Marti.Burnside@gmail.com,42.93,false
10000252,Verla,Poppy,39,Verla.Poppy@gmail.com,42.13,false
10000607,Phylis,Elo,32,Phylis.Elo@gmail.com,26.69,false
10000005,Gavrielle,Goerke,31,Gavrielle.Goerke@gmail.com,15.36,false
10000013,Drucie,Redmond,32,Drucie.Redmond@gmail.com,28.94,false
10000897,Constance,McGrody,37,Constance.McGrody@gmail.com,50.49,false
10000753,Gratia,Marsden,22,Gratia.Marsden@gmail.com,86.49,true
10000658,Vere,Geffner,22,Vere.Geffner@gmail.com,55.24,false
10000889,Gianina,Gemini,19,Gianina.Gemini@gmail.com,75.3,true
10000835,Myrtice,Soneson,38,Myrtice.Soneson@gmail.com,90.22,true
10000421,Emmey,Goddard,40,Emmey.Goddard@gmail.com,34.22,false
10000518,Susette,Seagraves,36,Susette.Seagraves@gmail.com,65.45,false
10000493,Courtnay,Wyn,25,Courtnay.Wyn@gmail.com,46.68,false
10000163,Jordan,Pearse,37,Jordan.Pearse@gmail.com,53.38,false
10000981,Cassandra,Horan,37,Cassandra.Horan@gmail.com,70.4,true
10000318,Margette,Barney,18,Margette.Barney@gmail.com,37.44,false
10000299,Charissa,Weitman,42,Charissa.Weitman@gmail.com,95.4,true
10000031,Dale,Lewes,39,Dale.Lewes@gmail.com,52.67,false
10000845,Layla,Truc,44,Layla.Truc@gmail.com,34.44,false
10000871,Glynnis,Matthew,41,Glynnis.Matthew@gmail.com,100.95,true
10000986,Jacquetta,Swigart,28,Jacquetta.Swigart@gmail.com,69.48,false
10000389,Cassondra,Pettiford,32,Cassondra.Pettiford@gmail.com,59.61,false
10000222,Therine,Lamoree,44,Therine.Lamoree@gmail.com,69.34,false
10000979,Charmaine,Elephus,25,Charmaine.Elephus@gmail.com,71.43,true
10000755,Wynne,Lareena,39,Wynne.Lareena@gmail.com,42.29,false
10000436,Hollie,Muriel,38,Hollie.Muriel@gmail.com,44.85,false
10000390,Bettine,Geffner,29,Bettine.Geffner@gmail.com,73.01,true
10000165,Cathyleen,Wiener,26,Cathyleen.Wiener@gmail.com,83.04,true
10000825,Collen,McAdams,37,Collen.McAdams@gmail.com,95.82,true
10000815,Chere,Paine,34,Chere.Paine@gmail.com,1.87,false
10000688,Hannis,Rosette,39,Hannis.Rosette@gmail.com,47.53,false
10000899,Merry,Reidar,45,Merry.Reidar@gmail.com,7.98,false
10000776,Silvana,Frodi,37,Silvana.Frodi@gmail.com,89.97,true
10000912,Renae,McNully,45,Renae.McNully@gmail.com,35.83,false
10000555,Antonietta,Frendel,30,Antonietta.Frendel@gmail.com,74.82,true
10000881,Elyssa,Rurik,35,Elyssa.Rurik@gmail.com,42.31,false
10000293,Jillayne,Fillbert,30,Jillayne.Fillbert@gmail.com,84.94,true
10000110,Gilligan,Percy,39,Gilligan.Percy@gmail.com,14.9,false
10000603,Fidelia,Pacorro,26,Fidelia.Pacorro@gmail.com,53.27,false
10000661,Agathe,Allina,25,Agathe.Allina@gmail.com,78.1,true
10000122,Anestassia,Cynar,26,Anestassia.Cynar@gmail.com,28.38,false
10000698,Carilyn,Rozanna,36,Carilyn.Rozanna@gmail.com,98.72,true
10000966,Nerta,Colbert,44,Nerta.Colbert@gmail.com,68.69,false
10000526,Carmela,Brian,33,Carmela.Brian@gmail.com,99.76,true
10000350,Lily,Kaja,41,Lily.Kaja@gmail.com,38.16,false
10000960,Monika,Melony,32,Monika.Melony@gmail.com,45.73,false
10000983,Edee,Old,26,Edee.Old@gmail.com,99.5,true
10000394,Rosaline,Ahab,31,Rosaline.Ahab@gmail.com,56.09,false
10000643,Vonny,Morehouse,38,Vonny.Morehouse@gmail.com,9.99,false
10000388,Valeda,Kenney,24,Valeda.Kenney@gmail.com,76.34,true
10000358,Shel,Wooster,27,Shel.Wooster@gmail.com,61.31,false
10000334,Pearline,Kronfeld,38,Pearline.Kronfeld@gmail.com,78.86,true
10000934,Angela,Hedve,38,Angela.Hedve@gmail.com,72.47,true
10000449,Sam,Gaulin,21,Sam.Gaulin@gmail.com,67.43,false
10000475,Betta,Kathie,33,Betta.Kathie@gmail.com,41.48,false
10000233,Keelia,Newell,25,Keelia.Newell@gmail.com,10.78,false
10000528,Ricky,Colp,38,Ricky.Colp@gmail.com,91.39,true
10000467,Dianemarie,Japeth,19,Dianemarie.Japeth@gmail.com,7.47,false
10000273,Ana,Romelda,37,Ana.Romelda@gmail.com,70.96,true
10000149,Teddie,Argus,41,Teddie.Argus@gmail.com,71.7,true
10000346,Ninnetta,Clie,41,Ninnetta.Clie@gmail.com,63.92,false
10000802,Orsola,Solitta,39,Orsola.Solitta@gmail.com,78.5,true
10000400,Madelle,Delila,38,Madelle.Delila@gmail.com,72.67,true
10000169,Chloris,Reinke,37,Chloris.Reinke@gmail.com,9.16,false
10000585,Daphne,Levey,37,Daphne.Levey@gmail.com,90.59,true
10000707,Chandra,Grosz,46,Chandra.Grosz@gmail.com,49.51,false
10000176,Goldie,Sisile,43,Goldie.Sisile@gmail.com,26.57,false
10000951,Elise,Braun,41,Elise.Braun@gmail.com,55.4,false
10000412,Angelique,Kress,20,Angelique.Kress@gmail.com,22.79,false
10000551,Selma,Martsen,43,Selma.Martsen@gmail.com,60.01,false
10000155,Ulrike,Rooney,21,Ulrike.Rooney@gmail.com,28.27,false
10000137,Lila,Campball,20,Lila.Campball@gmail.com,15.96,false
10000580,Florencia,Standing,28,Florencia.Standing@gmail.com,17.12,false
10000933,Rani,Cynar,27,Rani.Cynar@gmail.com,94.91,true
10000729,Korrie,Madox,42,Korrie.Madox@gmail.com,95.81,true
10000540,Lesly,Jagir,28,Lesly.Jagir@gmail.com,43.37,false
10000554,Verla,Alwin,30,Verla.Alwin@gmail.com,47.19,false
10000119,Ira,Jotham,23,Ira.Jotham@gmail.com,66.31,false
10000865,Renae,Fiester,29,Renae.Fiester@gmail.com,21.37,false
10000369,Daryl,Elsinore,19,Daryl.Elsinore@gmail.com,56.03,false
10000209,Anica,Delp,36,Anica.Delp@gmail.com,98.76,true
10000328,Lorie,Maribeth,18,Lorie.Maribeth@gmail.com,85.89,true
10000215,Gabriellia,Florina,45,Gabriellia.Florina@gmail.com,56.68,false
10000595,Lacie,Rudolph,37,Lacie.Rudolph@gmail.com,3.53,false
10000036,Gilligan,Olympium,34,Gilligan.Olympium@gmail.com,22.08,false
10000399,Isa,Ovid,24,Isa.Ovid@gmail.com,3.01,false
10000196,Yvonne,Yusuk,30,Yvonne.Yusuk@gmail.com,91.09,true
10000798,Concettina,Pearse,46,Concettina.Pearse@gmail.com,34.16,false
10000242,Talya,Sallyann,18,Talya.Sallyann@gmail.com,80.08,true
10000836,Adele,Hanleigh,44,Adele.Hanleigh@gmail.com,80.36,true
10000138,Susette,Plato,28,Susette.Plato@gmail.com,48.33,false
10000588,Rochette,Flita,22,Rochette.Flita@gmail.com,92.32,true
10000846,Odessa,Yusuk,40,Odessa.Yusuk@gmail.com,87.26,true
10000834,Ana,Rudolph,44,Ana.Rudolph@gmail.com,45.9,false
10000324,Cacilie,Uund,21,Cacilie.Uund@gmail.com,14.88,false
10000354,Fernande,Ashely,34,Fernande.Ashely@gmail.com,34.22,false
10000289,Sophia,Guildroy,18,Sophia.Guildroy@gmail.com,70.83,true
10000474,Dominga,Oneida,41,Dominga.Oneida@gmail.com,52.41,false
10000194,Elyssa,Jenness,24,Elyssa.Jenness@gmail.com,1.12,false
10000671,Jobi,Arley,45,Jobi.Arley@gmail.com,99.41,true
10000907,Lorie,Ciapas,46,Lorie.Ciapas@gmail.com,75.97,true
10000096,Gloria,Darian,34,Gloria.Darian@gmail.com,77.17,true
10000136,Corly,Lewes,31,Corly.Lewes@gmail.com,88.45,true
10000820,Carly,Pyle,26,Carly.Pyle@gmail.com,52.17,false
10000120,Arlina,Margret,33,Arlina.Margret@gmail.com,9.4,false
10000744,Maridel,Carolin,22,Maridel.Carolin@gmail.com,24.5,false
10000044,Kristan,Brunell,27,Kristan.Brunell@gmail.com,98.59,true
10000345,Melina,Seligman,23,Melina.Seligman@gmail.com,31.15,false
10000342,Janeczka,Torray,25,Janeczka.Torray@gmail.com,50.05,false
10000483,Stevana,Camden,39,Stevana.Camden@gmail.com,11.22,false
10000367,Pearline,McCutcheon,20,Pearline.McCutcheon@gmail.com,65.82,false
10000465,Janenna,Elvyn,23,Janenna.Elvyn@gmail.com,64.38,false
10000340,Mathilda,Yerkovich,30,Mathilda.Yerkovich@gmail.com,76.19,true
10000173,Nerta,Arquit,31,Nerta.Arquit@gmail.com,54.48,false
10000749,Trudie,Parette,44,Trudie.Parette@gmail.com,15.88,false
10000362,Clo,Egbert,40,Clo.Egbert@gmail.com,89.32,true
10000752,Noelle,Whittaker,35,Noelle.Whittaker@gmail.com,48.63,false
10000968,Gabriellia,Publia,26,Gabriellia.Publia@gmail.com,2.07,false
10000689,Margalo,Valerio,19,Margalo.Valerio@gmail.com,84.46,true
10000300,Brynna,Dominy,31,Brynna.Dominy@gmail.com,13.11,false
10000327,Tamqrah,Chem,21,Tamqrah.Chem@gmail.com,81.65,true
10000728,Elie,Leffen,43,Elie.Leffen@gmail.com,89.88,true
10000886,Darci,Chick,25,Darci.Chick@gmail.com,28.75,false
10000477,Perry,Frodi,22,Perry.Frodi@gmail.com,10.09,false
10000077,Ida,Meter,44,Ida.Meter@gmail.com,29.35,false
10000973,Valera,Margarete,45,Valera.Margarete@gmail.com,24.47,false
10000552,Celisse,Cookie,39,Celisse.Cookie@gmail.com,21.31,false
10000479,Thalia,Noam,24,Thalia.Noam@gmail.com,32.69,false
10000443,Goldie,Daniele,19,Goldie.Daniele@gmail.com,41.14,false
10000921,Ginnie,Nore,33,Ginnie.Nore@gmail.com,95.01,true
10000305,Shannah,Tatianas,36,Shannah.Tatianas@gmail.com,80.72,true
10000631,Ira,Jefferey,26,Ira.Jefferey@gmail.com,44.12,false
10000352,Ronna,Erlandson,21,Ronna.Erlandson@gmail.com,3.16,false
10000601,Lauryn,Faso,44,Lauryn.Faso@gmail.com,2.48,false
10000600,Alameda,Judye,22,Alameda.Judye@gmail.com,94.16,true
10000764,Florencia,Lamoree,25,Florencia.Lamoree@gmail.com,44.79,false
10000885,Rosanne,Swanhildas,27,Rosanne.Swanhildas@gmail.com,74.53,true
10000274,Madelle,Malvino,41,Madelle.Malvino@gmail.com,100.2,true
10000596,Candy,Lail,38,Candy.Lail@gmail.com,56.95,false
10000373,Malina,Linskey,18,Malina.Linskey@gmail.com,38.22,false
10000123,Shandie,McLaughlin,30,Shandie.McLaughlin@gmail.com,29,false
10000642,Ernesta,Trinetta,25,Ernesta.Trinetta@gmail.com,58.51,false
10000746,Katleen,Tengdin,25,Katleen.Tengdin@gmail.com,78.32,true
10000663,Beatriz,Olympium,33,Beatriz.Olympium@gmail.com,4.1,false
10000127,Rubie,Alice,29,Rubie.Alice@gmail.com,97.67,true
10000978,Brianna,Gombach,40,Brianna.Gombach@gmail.com,83.99,true
10000322,Dale,Barbey,44,Dale.Barbey@gmail.com,67.44,false
10000011,Melodie,Auberbach,40,Melodie.Auberbach@gmail.com,90,true
10000604,Kary,Halla,19,Kary.Halla@gmail.com,47.14,false
10000732,Carlie,Randene,38,Carlie.Randene@gmail.com,33.3,false
10000018,Tomasina,Federica,41,Tomasina.Federica@gmail.com,28.61,false
10000536,Marjie,Monaco,36,Marjie.Monaco@gmail.com,22.27,false
10000677,Inga,Georas,38,Inga.Georas@gmail.com,29.73,false
10000463,Karly,Mata,40,Karly.Mata@gmail.com,67.43,false
10000920,Tabbatha,Saunderson,25,Tabbatha.Saunderson@gmail.com,50.85,false
10000259,Berta,Hanshaw,41,Berta.Hanshaw@gmail.com,73.33,true
10000831,Renae,Persse,29,Renae.Persse@gmail.com,4.06,false
10000929,Karena,Francene,34,Karena.Francene@gmail.com,53.61,false
10000686,Lanna,Ax,36,Lanna.Ax@gmail.com,44.29,false
10000461,Phylis,Jillane,27,Phylis.Jillane@gmail.com,17.03,false
10000121,Ida,Yuille,27,Ida.Yuille@gmail.com,95.94,true
10000517,Konstance,Sidonius,27,Konstance.Sidonius@gmail.com,32.44,false
10000884,Louella,Bakerman,30,Louella.Bakerman@gmail.com,79.05,true
10000952,Nananne,Arne,36,Nananne.Arne@gmail.com,89.06,true
10000545,Ayn,Dunkin,37,Ayn.Dunkin@gmail.com,29.97,false
10000901,Lucy,Lumbard,19,Lucy.Lumbard@gmail.com,99.79,true
10000710,Meg,O'Neill,33,Meg.O'Neill@gmail.com,2.32,false
10000353,Lizzie,Byrne,28,Lizzie.Byrne@gmail.com,46.46,false
10000524,Valeda,Vorster,37,Valeda.Vorster@gmail.com,85.7,true
10000557,Annecorinne,Berriman,36,Annecorinne.Berriman@gmail.com,50.98,false
10000426,Mireielle,Oster,37,Mireielle.Oster@gmail.com,30.4,false
10000709,Jeanna,Dominy,39,Jeanna.Dominy@gmail.com,88.29,true
10000745,Alejandra,Belanger,20,Alejandra.Belanger@gmail.com,31.79,false
10000547,Karlee,Stilwell,23,Karlee.Stilwell@gmail.com,18.97,false
10000948,Rebeca,Stephie,22,Rebeca.Stephie@gmail.com,77.08,true
10000581,Emma,Klemperer,28,Emma.Klemperer@gmail.com,10.47,false
10000113,Brandise,Lilybelle,41,Brandise.Lilybelle@gmail.com,50.91,false
10000286,Julieta,Cressida,29,Julieta.Cressida@gmail.com,50.34,false
10000142,Joelly,Sidonius,43,Joelly.Sidonius@gmail.com,90.83,true
10000459,Vita,Lattie,18,Vita.Lattie@gmail.com,18.4,false
10000216,Althea,Cleavland,26,Althea.Cleavland@gmail.com,72.54,true
10000682,Augustine,Ioab,30,Augustine.Ioab@gmail.com,92.65,true
10000898,Margalo,Nadia,35,Margalo.Nadia@gmail.com,86.69,true
10000020,Evita,Juliet,42,Evita.Juliet@gmail.com,34.46,false
10000434,Petronia,Leler,30,Petronia.Leler@gmail.com,63.07,false
10000363,Jolyn,Edvard,36,Jolyn.Edvard@gmail.com,10.29,false
10000053,Paule,Corilla,20,Paule.Corilla@gmail.com,42.03,false